acid,epoxide,temperature1,temperature2,temperature3,temperature4,temperature5,temperature6,temperature7,temperature8,temperature9,temperature10,temperature11,temperature12,temperature13,temperature14,temperature15,temperature16,temperature17,temperature18,temperature19,temperature20,temperature21,temperature22,temperature23,temperature24,temperature25,temperature26,temperature27,temperature28,temperature29,temperature30,temperature31,temperature32,temperature33,temperature34,temperature35,temperature36,temperature37,temperature38,temperature39,temperature40,temperature41,temperature42,temperature43,temperature44,temperature45,temperature46,temperature47,temperature48,temperature49,temperature50,temperature51,temperature52,temperature53,temperature54,temperature55,temperature56,temperature57,temperature58,temperature59,temperature60,temperature61,temperature62,temperature63,temperature64,temperature65,temperature66,temperature67,temperature68,temperature69,temperature70,temperature71,density1,density2,density3,density4,density5,density6,density7,density8,density9,density10,density11,density12,density13,density14,density15,density16,density17,density18,density19,density20,density21,density22,density23,density24,density25,density26,density27,density28,density29,density30,density31,density32,density33,density34,density35,density36,density37,density38,density39,density40,density41,density42,density43,density44,density45,density46,density47,density48,density49,density50,density51,density52,density53,density54,density55,density56,density57,density58,density59,density60,density61,density62,density63,density64,density65,density66,density67,density68,density69,density70,density71
COc1ccc(CCCNC(=O)NC(COCC(=O)O)COCC(=O)O)cc1,COc1ccc(C(=O)N(C)Cc2cccc(OCC3CO3)n2)c(OCC2CO2)c1,800.6630,790.8710,781.4620,770.1550,761.1140,750.3750,739.9560,731.1350,719.0810,710.2740,699.9870,689.6030,680.1270,670.7710,660.8900,650.2510,640.4280,631.0920,619.8850,610.7630,599.6700,589.6590,579.4940,569.9080,560.7460,549.2920,540.3920,529.8570,520.1320,509.5490,499.5440,490.0350,480.6710,469.2200,459.2740,450.1010,440.6660,430.2440,419.3690,409.8620,400.6020,390.0310,379.9680,370.0410,359.7350,350.4990,339.4690,330.1270,320.1690,309.6530,299.7840,289.7450,279.9160,269.8600,259.7150,249.9110,240.1360,230.0520,219.8590,209.8030,200.0660,190.0310,179.7160,169.8610,160.3520,150.1370,140.0900,130.1170,119.8080,109.8840,99.9823,0.9787,0.9919,0.9800,0.9899,0.9928,0.9931,0.9932,1.0139,1.0156,1.0176,1.0228,1.0334,1.0252,1.0455,1.0460,1.0549,1.0555,1.0608,1.0729,1.0739,1.0849,1.0749,1.0778,1.0887,1.0982,1.1011,1.1079,1.1170,1.1189,1.1218,1.1349,1.1334,1.1404,1.1450,1.1485,1.1547,1.1572,1.1650,1.1629,1.1705,1.1730,1.1785,1.1789,1.1851,1.1918,1.1914,1.1964,1.2025,1.2019,1.2082,1.2091,1.2130,1.2181,1.2191,1.2213,1.2225,1.2253,1.2270,1.2310,1.2325,1.2354,1.2363,1.2395,1.2397,1.2428,1.2442,1.2471,1.2491,1.2513,1.2530,1.2555
COc1ccc(CCCNC(=O)NC(COCC(=O)O)COCC(=O)O)cc1,COc1ccc(C(=O)N(C)Cc2cccc(OCC3CO3)n2)c(OCC2CO2)c1,800.7600,788.8540,779.2450,770.0230,759.8720,749.5780,740.9200,730.7840,720.7890,709.3920,699.0390,689.8250,680.0450,670.7310,659.8950,650.3970,639.8460,630.1860,619.1280,610.0030,600.2980,589.9710,580.0300,569.3960,559.6350,549.0410,539.6230,530.9720,520.9770,510.2280,500.2290,489.7280,479.4550,470.2760,460.4280,450.0920,440.5080,430.3550,420.2690,410.7240,399.7840,390.0500,379.7410,369.6230,360.0290,350.5300,340.0070,330.0540,319.6010,309.9720,300.2900,290.0190,280.2210,269.7910,259.9090,250.2540,239.4500,230.1170,219.5840,210.0670,200.1060,190.1070,180.1020,170.0750,159.7800,150.1630,139.7580,129.8710,119.9690,110.2020,99.9971,0.9746,0.9832,0.9812,0.9924,0.9925,0.9973,0.9995,1.0147,1.0127,1.0271,1.0189,1.0293,1.0285,1.0359,1.0404,1.0450,1.0590,1.0652,1.0618,1.0700,1.0778,1.0839,1.0880,1.0883,1.1008,1.1010,1.1125,1.1106,1.1202,1.1229,1.1370,1.1324,1.1365,1.1405,1.1499,1.1566,1.1576,1.1591,1.1651,1.1774,1.1775,1.1807,1.1797,1.1837,1.1853,1.1920,1.1965,1.1998,1.2033,1.2090,1.2113,1.2162,1.2171,1.2215,1.2241,1.2267,1.2290,1.2340,1.2366,1.2406,1.2431,1.2437,1.2464,1.2474,1.2529,1.2542,1.2573,1.2591,1.2614,1.2634,1.2654
COc1ccc(CCCNC(=O)NC(COCC(=O)O)COCC(=O)O)cc1,COc1ccc(C(=O)N(C)Cc2cccc(OCC3CO3)n2)c(OCC2CO2)c1,799.5660,789.8460,779.7000,770.6280,759.8070,750.7030,739.8240,729.8870,719.9750,709.7970,699.9510,689.5600,680.5520,670.5260,660.1200,649.6030,638.9360,629.9560,619.6360,609.5520,599.4880,590.1560,580.7510,569.4410,560.3870,550.2690,539.9840,530.5870,520.0030,510.2540,500.7590,490.5740,479.7880,470.2370,459.8510,450.2700,439.3960,429.4690,419.9430,410.0560,400.4740,390.4080,380.3110,369.9050,359.8870,350.2290,339.9020,330.1450,319.7510,309.8720,300.2500,290.4640,280.0560,270.1200,259.8600,249.9050,240.3510,229.9060,219.9040,210.1650,200.0080,190.1620,180.0640,169.8620,159.8050,149.8710,140.1600,130.1040,119.8560,110.1670,100.1180,0.9758,0.9717,0.9821,0.9839,0.9930,0.9913,1.0010,1.0107,1.0141,1.0123,1.0284,1.0292,1.0302,1.0314,1.0409,1.0449,1.0512,1.0732,1.0645,1.0771,1.0854,1.0896,1.0899,1.0913,1.1106,1.1134,1.1157,1.1185,1.1277,1.1269,1.1307,1.1317,1.1478,1.1534,1.1591,1.1564,1.1597,1.1629,1.1687,1.1705,1.1806,1.1831,1.1866,1.1844,1.1900,1.1936,1.1973,1.1960,1.2024,1.2116,1.2134,1.2144,1.2184,1.2241,1.2255,1.2273,1.2288,1.2334,1.2363,1.2390,1.2411,1.2438,1.2464,1.2504,1.2510,1.2533,1.2552,1.2587,1.2611,1.2624,1.2649
COc1ccc(CCCNC(=O)NC(COCC(=O)O)COCC(=O)O)cc1,COc1ccc(C(=O)N(C)Cc2cccc(OCC3CO3)n2)c(OCC2CO2)c1,800.3040,790.1540,780.2310,771.1140,759.1420,749.7290,739.6510,729.8830,720.1990,710.1300,700.7890,689.4660,680.4490,669.5930,660.4810,649.5850,639.7200,628.9400,620.4520,609.8520,598.9720,589.9960,580.6280,570.1520,560.8400,550.2450,540.1540,530.8160,519.8750,510.1530,499.1740,490.1910,479.9300,469.9980,459.9100,450.3750,440.1670,429.6000,421.2570,409.7980,399.7400,390.5230,380.0830,369.4970,359.9230,350.4090,340.1280,329.8300,319.9580,309.4080,300.1000,289.8280,280.3790,270.0480,260.0150,249.9090,240.0440,230.0860,220.0430,209.8870,200.2010,190.3440,179.9690,169.8700,160.0480,149.9480,140.1450,130.0230,119.9590,110.1030,100.1380,0.9771,0.9690,0.9800,0.9860,0.9984,0.9934,0.9998,1.0120,1.0127,1.0141,1.0413,1.0322,1.0233,1.0406,1.0451,1.0479,1.0614,1.0646,1.0706,1.0756,1.0751,1.0846,1.0965,1.0954,1.0978,1.1041,1.1117,1.1090,1.1304,1.1284,1.1369,1.1382,1.1473,1.1536,1.1568,1.1573,1.1642,1.1656,1.1687,1.1725,1.1805,1.1797,1.1842,1.1868,1.1917,1.1956,1.1970,1.2034,1.2038,1.2091,1.2101,1.2101,1.2135,1.2185,1.2181,1.2215,1.2254,1.2282,1.2299,1.2345,1.2343,1.2381,1.2415,1.2437,1.2463,1.2476,1.2490,1.2515,1.2545,1.2569,1.2593
COc1ccc(CCCNC(=O)NC(COCC(=O)O)COCC(=O)O)cc1,COc1ccc(C(=O)N(C)Cc2cccc(OCC3CO3)n2)c(OCC2CO2)c1,800.4380,789.9990,780.3310,769.5460,759.6040,750.7200,740.5760,730.5210,720.7990,709.1470,698.2160,690.2880,681.5980,670.6280,660.3420,650.1230,639.7660,631.0630,620.0910,609.7190,600.0520,589.8410,580.7190,569.8270,559.8310,550.0190,539.3560,530.3870,520.2530,509.8340,499.3900,490.1060,479.5480,469.6990,460.4660,450.2520,439.8530,430.1330,419.1800,410.4770,399.4930,390.2180,380.3410,370.0110,360.4670,350.3620,340.1640,330.3700,320.2120,310.1570,299.6170,289.7610,279.5460,270.0740,260.1950,249.8270,239.8640,229.7610,220.0860,210.3100,199.9810,189.8740,179.9620,169.9900,159.8000,149.9540,140.1000,129.9040,119.8830,109.9650,99.8858,0.9730,0.9707,0.9808,0.9783,0.9927,0.9914,1.0088,1.0078,1.0158,1.0118,1.0253,1.0239,1.0386,1.0335,1.0510,1.0534,1.0537,1.0643,1.0600,1.0798,1.0750,1.0862,1.0814,1.0907,1.1043,1.1094,1.1170,1.1200,1.1241,1.1299,1.1310,1.1382,1.1451,1.1408,1.1460,1.1595,1.1696,1.1775,1.1792,1.1778,1.1816,1.1866,1.1885,1.1907,1.1936,1.2020,1.2029,1.2094,1.2090,1.2111,1.2169,1.2209,1.2211,1.2237,1.2283,1.2327,1.2329,1.2332,1.2396,1.2421,1.2426,1.2460,1.2471,1.2497,1.2520,1.2537,1.2562,1.2590,1.2604,1.2629,1.2648
CC(CCN(CCC(=O)O)CCC(=O)O)c1ccccc1,Cc1cc(OCC2CO2)nc2cc(C(=O)Nc3ccc(OCC4CO4)c4ccccc34)ccc12,800.6210,790.5250,779.9430,770.4420,760.1680,750.0450,739.6390,730.2250,720.7610,710.7280,700.4510,691.0460,679.7560,669.3450,659.6830,649.8550,641.4810,630.7310,619.5760,609.9190,599.6660,589.7670,579.6150,570.2090,560.2420,549.5510,540.5710,529.4770,520.3460,509.9510,500.2090,489.7370,479.8020,469.7630,460.2690,449.3670,440.2900,430.0290,419.5780,409.8490,399.6370,390.5860,380.1280,370.0820,359.6030,349.8470,340.6200,330.3160,320.0590,310.1210,299.7260,290.0810,279.8190,269.8980,260.0320,249.8700,240.6860,229.7470,220.2810,210.3710,200.2700,190.1440,179.8850,169.8410,160.0600,149.7810,140.1940,130.1930,119.7820,110.0180,100.0160,0.9089,0.9212,0.9268,0.9218,0.9321,0.9320,0.9480,0.9469,0.9585,0.9559,0.9694,0.9698,0.9821,0.9814,0.9795,0.9989,0.9894,0.9959,1.0114,1.0046,1.0163,1.0255,1.0319,1.0281,1.0338,1.0471,1.0472,1.0491,1.0648,1.0648,1.0725,1.0814,1.0877,1.0852,1.0839,1.0886,1.0970,1.1006,1.1043,1.1169,1.1149,1.1215,1.1261,1.1245,1.1312,1.1318,1.1383,1.1431,1.1445,1.1483,1.1520,1.1525,1.1544,1.1577,1.1585,1.1658,1.1653,1.1682,1.1700,1.1722,1.1743,1.1763,1.1782,1.1821,1.1850,1.1853,1.1886,1.1899,1.1918,1.1935,1.1964
CC(CCN(CCC(=O)O)CCC(=O)O)c1ccccc1,Cc1cc(OCC2CO2)nc2cc(C(=O)Nc3ccc(OCC4CO4)c4ccccc34)ccc12,799.9360,789.1750,780.0040,770.3900,759.5330,750.1760,740.1560,731.1130,719.3630,709.4200,700.6730,690.3490,680.0060,671.1650,660.2110,650.0000,639.3080,630.1560,619.7310,610.0280,600.1810,589.0360,580.1050,569.4270,560.6800,549.3040,539.9440,529.3930,519.6280,510.3070,500.0280,490.3180,479.9650,470.4510,459.8970,449.9140,440.2570,430.0690,420.1590,409.9840,400.3500,390.1140,379.6540,370.5170,359.7930,350.8430,339.6900,329.4910,319.9830,309.8590,300.4610,289.9970,280.2680,269.8750,259.8670,250.0400,239.9530,230.4040,219.9030,210.2380,199.7900,189.9480,179.9750,169.7390,159.8960,149.9390,140.0840,129.7440,119.9650,110.0500,99.9969,0.9060,0.9248,0.9280,0.9224,0.9297,0.9474,0.9425,0.9362,0.9502,0.9589,0.9580,0.9747,0.9813,0.9790,0.9858,0.9903,0.9968,0.9986,0.9982,1.0162,1.0179,1.0229,1.0345,1.0335,1.0350,1.0339,1.0469,1.0552,1.0526,1.0616,1.0638,1.0655,1.0798,1.0910,1.0842,1.0925,1.0986,1.0986,1.1011,1.1066,1.1108,1.1164,1.1193,1.1236,1.1244,1.1290,1.1348,1.1318,1.1360,1.1379,1.1440,1.1441,1.1476,1.1499,1.1538,1.1564,1.1581,1.1606,1.1626,1.1651,1.1668,1.1679,1.1677,1.1732,1.1735,1.1758,1.1776,1.1791,1.1799,1.1832,1.1848
CC(CCN(CCC(=O)O)CCC(=O)O)c1ccccc1,Cc1cc(OCC2CO2)nc2cc(C(=O)Nc3ccc(OCC4CO4)c4ccccc34)ccc12,799.6500,789.5590,779.8390,770.8640,760.7560,751.2160,740.1520,729.9850,720.1880,710.1510,700.9230,689.2090,680.5140,670.5530,659.1760,649.5880,640.7220,630.5150,621.1380,610.1850,599.9720,590.6050,580.3980,569.7380,560.5470,549.5430,539.8050,530.2960,519.8040,510.5150,499.1430,489.9250,479.6580,469.4380,459.3230,450.3940,439.8090,429.6360,420.2210,410.5040,399.3510,390.2020,379.9620,370.4030,360.0960,349.9420,340.0910,330.3630,319.6500,310.2110,300.4410,289.8110,280.0060,270.0770,259.8700,250.2900,240.1870,229.7420,220.0080,210.2620,199.9520,190.0930,179.8160,170.3620,159.8760,149.8730,139.8770,130.0700,119.8970,109.7120,100.0850,0.9133,0.9258,0.9176,0.9252,0.9228,0.9376,0.9409,0.9468,0.9591,0.9688,0.9692,0.9710,0.9782,0.9739,0.9872,0.9877,0.9863,0.9939,1.0057,1.0076,1.0107,1.0170,1.0241,1.0298,1.0311,1.0428,1.0406,1.0519,1.0647,1.0613,1.0653,1.0712,1.0776,1.0769,1.0822,1.0865,1.0926,1.0964,1.1034,1.1079,1.1112,1.1171,1.1195,1.1242,1.1276,1.1331,1.1355,1.1420,1.1423,1.1446,1.1480,1.1463,1.1482,1.1512,1.1571,1.1603,1.1617,1.1641,1.1665,1.1696,1.1715,1.1735,1.1748,1.1801,1.1822,1.1841,1.1855,1.1879,1.1889,1.1910,1.1937
CC(CCN(CCC(=O)O)CCC(=O)O)c1ccccc1,Cc1cc(OCC2CO2)nc2cc(C(=O)Nc3ccc(OCC4CO4)c4ccccc34)ccc12,799.8580,789.2350,781.3880,770.3330,759.7540,749.6280,740.2660,731.5250,718.9430,709.4350,700.1490,691.2170,680.7050,669.6580,661.0620,650.7810,640.1390,630.0120,620.3090,610.3160,600.0030,589.2090,579.6340,570.2250,559.2230,549.5700,540.0950,529.9280,520.3550,510.5850,500.0900,489.5520,479.9860,469.7980,459.6730,449.9990,440.3070,429.7210,420.2590,410.1580,399.6960,390.2490,379.6260,369.9990,360.0460,350.6190,340.3400,330.0000,320.0310,309.9410,300.0760,290.4360,280.2240,269.6970,259.6560,250.1560,239.9280,230.0810,220.0600,209.8830,200.0050,190.1410,179.7800,170.0810,159.9570,150.1050,139.8830,130.0530,120.1550,109.9500,100.1250,0.9070,0.9259,0.9082,0.9347,0.9261,0.9337,0.9442,0.9516,0.9480,0.9605,0.9689,0.9597,0.9746,0.9806,0.9840,0.9814,0.9988,0.9968,0.9980,1.0142,1.0143,1.0229,1.0241,1.0477,1.0402,1.0413,1.0490,1.0372,1.0579,1.0662,1.0669,1.0701,1.0815,1.0894,1.0845,1.0913,1.0943,1.1043,1.1079,1.1097,1.1063,1.1151,1.1166,1.1170,1.1220,1.1261,1.1297,1.1306,1.1317,1.1328,1.1355,1.1371,1.1405,1.1424,1.1436,1.1485,1.1513,1.1529,1.1557,1.1574,1.1618,1.1633,1.1655,1.1681,1.1704,1.1738,1.1758,1.1781,1.1806,1.1823,1.1845
CC(CCN(CCC(=O)O)CCC(=O)O)c1ccccc1,Cc1cc(OCC2CO2)nc2cc(C(=O)Nc3ccc(OCC4CO4)c4ccccc34)ccc12,800.1540,789.2710,782.0340,769.3590,758.5510,749.7120,739.0150,729.5070,719.9420,709.2340,698.6410,690.3070,681.5520,670.1170,660.1350,650.6340,639.9760,629.8440,619.8550,609.1910,599.9520,590.0040,580.2890,569.9790,559.3030,550.5990,539.7110,530.3890,519.7750,509.9580,500.3790,490.1840,480.1750,470.1920,460.0990,449.8250,440.1230,429.8840,419.7670,410.4110,399.7690,390.0400,379.7410,369.6950,360.1710,349.4290,339.8080,329.9810,320.0090,310.6280,300.0000,290.1900,280.0300,269.7320,259.9000,249.9110,240.0150,229.9590,220.1350,209.7920,200.3150,189.9610,179.7290,169.9690,159.8830,150.0170,139.9970,129.7660,119.9190,109.9910,100.0160,0.9097,0.9189,0.9175,0.9325,0.9313,0.9352,0.9354,0.9496,0.9490,0.9506,0.9703,0.9643,0.9742,0.9816,0.9874,0.9953,1.0060,1.0018,1.0054,1.0126,1.0219,1.0249,1.0272,1.0243,1.0388,1.0412,1.0421,1.0534,1.0562,1.0656,1.0737,1.0775,1.0780,1.0848,1.0867,1.0879,1.0898,1.0986,1.1014,1.1072,1.1098,1.1165,1.1162,1.1184,1.1176,1.1208,1.1255,1.1275,1.1314,1.1352,1.1384,1.1390,1.1418,1.1435,1.1505,1.1518,1.1546,1.1548,1.1589,1.1591,1.1619,1.1634,1.1666,1.1682,1.1710,1.1714,1.1753,1.1767,1.1760,1.1786,1.1819
O=C(O)CCC(CCC(=O)O)C(=O)NCC(=O)Nc1cccc2ccccc12,COC(=O)c1cccc(C=CC(=O)c2cc(OCC3CO3)ccc2OCC2CO2)c1,800.3950,789.4580,779.8230,768.1870,759.6180,750.2720,740.0620,730.3320,720.4550,710.2090,700.1900,689.7760,680.1330,670.5060,660.0370,650.7910,639.8110,630.8710,619.6650,609.5240,599.7320,590.3480,580.7150,570.4050,560.0510,550.2170,538.8690,529.8240,520.1880,510.3180,499.9540,490.0830,479.6620,469.9300,460.3890,449.3480,439.4150,429.8620,420.0580,409.8950,400.3250,390.5770,379.9410,369.9910,359.9010,350.1860,339.5870,329.7990,319.7190,309.0260,300.3710,289.8100,279.9320,270.0760,260.0650,249.8390,239.7870,229.7090,220.3610,210.3740,200.1530,189.8740,180.0130,169.8230,159.9260,150.1460,139.9170,129.9670,119.9990,110.0480,99.8783,1.0025,1.0162,1.0125,1.0225,1.0135,1.0264,1.0301,1.0369,1.0404,1.0435,1.0637,1.0636,1.0594,1.0653,1.0716,1.0750,1.0891,1.0919,1.0919,1.1021,1.1083,1.1105,1.1199,1.1324,1.1249,1.1364,1.1325,1.1401,1.1436,1.1460,1.1526,1.1550,1.1589,1.1669,1.1690,1.1754,1.1758,1.1838,1.1854,1.1913,1.1932,1.1924,1.1979,1.2017,1.2076,1.2099,1.2100,1.2119,1.2109,1.2193,1.2170,1.2198,1.2234,1.2254,1.2284,1.2292,1.2335,1.2360,1.2380,1.2403,1.2429,1.2446,1.2481,1.2488,1.2511,1.2530,1.2559,1.2572,1.2584,1.2608,1.2619
O=C(O)CCC(CCC(=O)O)C(=O)NCC(=O)Nc1cccc2ccccc12,COC(=O)c1cccc(C=CC(=O)c2cc(OCC3CO3)ccc2OCC2CO2)c1,800.3960,789.6220,779.5660,769.7200,762.2550,750.0820,740.4730,729.6430,720.6210,710.2330,699.8560,689.4060,680.1640,669.7180,659.8620,649.4090,640.6070,630.3520,620.3600,610.4610,599.4510,590.3170,579.5140,569.3930,560.5750,550.0960,540.7010,530.7920,520.0350,509.8160,499.9060,490.1830,479.4680,469.9970,458.7730,450.2470,439.9530,429.7590,419.9680,410.3520,399.7380,389.8820,380.2190,369.9930,360.0040,349.3620,339.8740,330.0400,319.8080,309.8340,300.0560,290.0720,279.7970,270.5750,260.0900,250.3630,239.9340,230.1620,220.0010,210.1290,200.0840,190.2890,180.3300,170.0330,159.8710,149.7880,140.1040,129.9180,120.0810,109.9190,100.1360,0.9959,1.0090,1.0042,1.0056,1.0248,1.0293,1.0292,1.0410,1.0446,1.0516,1.0597,1.0603,1.0563,1.0652,1.0697,1.0744,1.0945,1.1025,1.0978,1.1013,1.1029,1.1101,1.1220,1.1174,1.1102,1.1344,1.1403,1.1357,1.1410,1.1532,1.1555,1.1601,1.1689,1.1640,1.1786,1.1777,1.1776,1.1847,1.1909,1.1923,1.1977,1.1953,1.2036,1.2047,1.2074,1.2088,1.2119,1.2159,1.2160,1.2190,1.2250,1.2234,1.2271,1.2294,1.2317,1.2346,1.2371,1.2393,1.2411,1.2415,1.2462,1.2471,1.2490,1.2510,1.2550,1.2556,1.2575,1.2607,1.2628,1.2645,1.2657
O=C(O)CCC(CCC(=O)O)C(=O)NCC(=O)Nc1cccc2ccccc12,COC(=O)c1cccc(C=CC(=O)c2cc(OCC3CO3)ccc2OCC2CO2)c1,799.5240,790.0270,781.0530,770.1030,759.6560,749.5680,740.7480,729.6640,720.0990,710.8610,700.0180,689.7540,678.7550,670.6370,660.5030,649.8840,639.3810,629.7310,620.2270,609.8210,600.7040,590.9500,579.4870,569.6600,559.1060,550.2870,539.2290,529.8220,520.6170,510.2320,499.7560,490.1770,479.5990,470.0170,459.9020,450.6720,440.4760,430.1690,420.2970,409.8330,400.2710,390.8820,380.0370,370.4220,359.8960,350.1920,340.2530,329.9150,319.5310,310.4410,299.8550,289.9920,280.0930,269.6660,260.2390,250.1450,239.7570,230.0770,220.2870,210.0740,200.0060,190.3220,179.7860,170.2190,160.1850,149.9100,140.0280,129.9530,120.0610,110.0390,99.9773,1.0058,1.0054,1.0093,1.0228,1.0254,1.0301,1.0276,1.0285,1.0459,1.0469,1.0545,1.0501,1.0744,1.0672,1.0715,1.0785,1.0932,1.0880,1.0899,1.1037,1.1039,1.1117,1.1084,1.1241,1.1249,1.1308,1.1449,1.1410,1.1337,1.1472,1.1458,1.1483,1.1591,1.1640,1.1693,1.1695,1.1764,1.1773,1.1849,1.1852,1.1917,1.1928,1.1977,1.1916,1.1989,1.1990,1.2036,1.2086,1.2123,1.2134,1.2170,1.2191,1.2241,1.2241,1.2261,1.2289,1.2317,1.2333,1.2374,1.2408,1.2428,1.2442,1.2468,1.2485,1.2506,1.2518,1.2546,1.2564,1.2580,1.2604,1.2617
O=C(O)CCC(CCC(=O)O)C(=O)NCC(=O)Nc1cccc2ccccc12,COC(=O)c1cccc(C=CC(=O)c2cc(OCC3CO3)ccc2OCC2CO2)c1,799.6980,788.7630,778.7030,770.5560,760.0680,749.2230,740.0400,731.0450,720.7240,710.1600,700.2590,690.9570,680.0340,669.9130,661.3130,649.5610,641.0830,630.2480,619.4040,610.2620,598.7160,589.3640,580.0270,569.9780,559.9530,550.3310,539.7400,530.4320,520.1230,509.9430,500.5500,490.6860,480.4610,470.3070,460.0910,450.1490,439.6090,429.7480,419.8570,410.4780,399.6950,390.2090,380.2030,370.0300,360.3590,350.0350,340.1260,330.1460,320.1370,309.9670,300.1000,290.0750,279.9420,269.8500,259.8280,250.1510,239.8340,229.6780,219.6530,210.0130,199.8280,190.1200,180.0150,169.9510,160.1950,150.1520,140.0180,129.9000,120.0720,109.9170,100.1110,1.0010,1.0187,0.9964,1.0163,1.0165,1.0315,1.0250,1.0312,1.0395,1.0540,1.0561,1.0634,1.0729,1.0872,1.0753,1.0877,1.0978,1.1005,1.1079,1.0987,1.1006,1.1165,1.1174,1.1217,1.1249,1.1308,1.1365,1.1448,1.1423,1.1576,1.1589,1.1628,1.1673,1.1718,1.1802,1.1839,1.1844,1.1884,1.1897,1.1927,1.1983,1.2017,1.2010,1.1994,1.1997,1.2046,1.2087,1.2124,1.2156,1.2171,1.2200,1.2196,1.2228,1.2250,1.2287,1.2296,1.2328,1.2346,1.2350,1.2384,1.2394,1.2447,1.2456,1.2457,1.2484,1.2495,1.2516,1.2548,1.2572,1.2593,1.2611
O=C(O)CCC(CCC(=O)O)C(=O)NCC(=O)Nc1cccc2ccccc12,COC(=O)c1cccc(C=CC(=O)c2cc(OCC3CO3)ccc2OCC2CO2)c1,799.5330,790.0980,780.6650,771.0990,759.6070,747.9530,739.6170,730.0250,719.6900,709.5130,698.8620,690.1710,680.0550,669.9920,659.6860,649.4590,639.9940,630.0440,619.3680,609.7500,599.7050,590.3590,580.8240,570.0420,559.6950,550.4080,539.8360,530.0050,520.1290,508.8070,499.6790,490.2410,479.0370,469.6020,460.0100,450.0120,440.2880,430.4040,419.9170,409.9310,400.1930,390.5880,379.4650,370.2230,360.1490,350.4350,339.5790,330.1760,319.6430,309.8450,300.2930,289.9240,279.9350,269.5860,260.3070,250.0620,240.1000,229.9230,220.1230,210.2900,199.7750,189.8000,180.0060,170.0010,159.9820,149.9770,139.8820,129.8660,119.9830,110.2200,99.8796,1.0011,1.0071,1.0108,1.0084,1.0240,1.0303,1.0340,1.0439,1.0442,1.0440,1.0558,1.0549,1.0613,1.0632,1.0711,1.0704,1.0927,1.0938,1.1017,1.1028,1.1088,1.1129,1.1148,1.1299,1.1370,1.1267,1.1373,1.1488,1.1476,1.1517,1.1579,1.1621,1.1681,1.1746,1.1755,1.1750,1.1809,1.1842,1.1899,1.1943,1.1897,1.1918,1.1963,1.2012,1.2092,1.2113,1.2140,1.2173,1.2214,1.2229,1.2219,1.2255,1.2281,1.2297,1.2327,1.2350,1.2377,1.2401,1.2419,1.2448,1.2462,1.2491,1.2499,1.2522,1.2542,1.2563,1.2574,1.2604,1.2615,1.2631,1.2651
Cn1ccc(CCNC(=O)Nc2ccc(C(=O)N(CCC(=O)O)CCC(=O)O)cc2)n1,O=C(Nc1ccc(C(=O)N(CC2CO2)CC2CO2)cc1)c1cccc(O)n1,800.6530,791.2610,779.6820,769.9320,759.2980,749.2200,739.4560,730.5150,720.0030,710.7720,700.8370,689.6890,680.6510,670.4080,660.7480,650.0070,639.9230,630.5330,619.7000,610.3000,600.2460,589.6490,580.0190,570.0250,560.3000,550.1980,540.2930,530.3660,519.6810,510.1420,500.7630,490.0530,479.9720,469.2600,460.1690,450.8050,440.1970,430.2810,420.0610,409.2550,399.6600,390.7340,379.7260,369.8220,360.0370,349.6880,339.7800,330.1520,320.1580,310.2800,299.7420,290.1750,280.2070,269.9840,259.7790,250.1780,240.0110,230.1560,219.7740,210.1580,199.9800,189.8660,180.1130,169.8880,160.1550,149.9910,140.1380,130.0580,119.9820,110.0740,99.9265,1.0518,1.0514,1.0625,1.0625,1.0730,1.0705,1.0866,1.0803,1.1017,1.0904,1.0971,1.0989,1.1055,1.1127,1.1180,1.1253,1.1347,1.1398,1.1442,1.1449,1.1530,1.1550,1.1535,1.1722,1.1683,1.1757,1.1783,1.1776,1.1874,1.1953,1.1990,1.2000,1.2012,1.2068,1.2141,1.2206,1.2169,1.2201,1.2204,1.2307,1.2256,1.2292,1.2297,1.2322,1.2391,1.2409,1.2420,1.2483,1.2506,1.2510,1.2510,1.2553,1.2568,1.2631,1.2610,1.2652,1.2694,1.2698,1.2725,1.2750,1.2768,1.2783,1.2788,1.2807,1.2815,1.2847,1.2878,1.2899,1.2915,1.2932,1.2952
Cn1ccc(CCNC(=O)Nc2ccc(C(=O)N(CCC(=O)O)CCC(=O)O)cc2)n1,O=C(Nc1ccc(C(=O)N(CC2CO2)CC2CO2)cc1)c1cccc(O)n1,800.6400,789.7760,779.3630,771.3630,760.8420,750.2410,739.4630,731.1280,720.2490,710.6820,699.7420,688.6350,679.9280,670.8010,659.7040,650.1030,639.9290,629.8370,619.6670,610.9750,600.6010,589.8990,580.3340,568.7740,559.3800,549.8200,540.1590,530.7030,519.4500,510.4940,500.2340,489.5280,480.3830,469.2510,459.4700,450.5590,440.2100,429.7720,420.0010,410.5250,399.6130,390.4010,379.8840,369.3370,359.8630,349.9510,339.9490,330.3310,320.0550,310.0300,300.1340,290.2180,280.0750,270.1360,260.0860,249.9210,239.9830,229.7840,220.1130,210.2720,199.7840,189.7270,179.8980,170.2720,159.8090,149.9540,140.1990,130.0210,119.8520,109.9600,99.9830,1.0536,1.0595,1.0674,1.0624,1.0607,1.0736,1.0808,1.0843,1.0860,1.0906,1.0979,1.1068,1.1053,1.1081,1.1154,1.1301,1.1262,1.1359,1.1428,1.1509,1.1514,1.1600,1.1628,1.1654,1.1735,1.1732,1.1772,1.1863,1.1791,1.1882,1.1984,1.2058,1.1995,1.2031,1.2024,1.2083,1.2113,1.2132,1.2170,1.2195,1.2214,1.2249,1.2269,1.2299,1.2341,1.2352,1.2405,1.2401,1.2442,1.2444,1.2456,1.2494,1.2497,1.2535,1.2551,1.2575,1.2610,1.2622,1.2619,1.2638,1.2675,1.2695,1.2711,1.2730,1.2746,1.2758,1.2774,1.2787,1.2824,1.2842,1.2856
Cn1ccc(CCNC(=O)Nc2ccc(C(=O)N(CCC(=O)O)CCC(=O)O)cc2)n1,O=C(Nc1ccc(C(=O)N(CC2CO2)CC2CO2)cc1)c1cccc(O)n1,800.1100,789.9950,780.2430,769.2200,759.2730,749.5860,739.7550,730.9080,720.4240,710.8710,699.8810,689.4510,679.3710,669.9730,660.4130,649.8550,639.3320,629.7500,620.1240,609.8510,600.6140,590.1690,579.8350,569.7420,559.1760,549.5790,539.9420,529.5340,519.5380,510.6060,500.0420,490.3340,480.2220,470.0920,459.8160,450.4740,440.7270,429.7150,419.6030,409.7630,400.2550,389.9070,379.8540,369.8130,359.5060,350.3780,339.9840,330.3470,320.1520,309.8870,299.8980,290.0510,280.2780,269.9770,260.3240,249.9270,240.0600,229.8370,219.9380,210.1720,199.7880,190.1840,180.2200,169.8710,160.1370,150.1400,140.1080,129.7860,120.0640,110.0670,100.1000,1.0594,1.0618,1.0575,1.0497,1.0700,1.0698,1.0841,1.0871,1.0949,1.1085,1.1049,1.1021,1.1074,1.1103,1.1163,1.1304,1.1253,1.1345,1.1482,1.1513,1.1550,1.1601,1.1618,1.1681,1.1691,1.1678,1.1878,1.1897,1.1928,1.1902,1.2008,1.2069,1.1998,1.2076,1.2094,1.2163,1.2242,1.2268,1.2276,1.2356,1.2367,1.2375,1.2393,1.2451,1.2443,1.2485,1.2505,1.2544,1.2550,1.2558,1.2593,1.2633,1.2649,1.2685,1.2699,1.2712,1.2731,1.2752,1.2769,1.2799,1.2835,1.2847,1.2862,1.2878,1.2897,1.2918,1.2936,1.2953,1.2975,1.2988,1.3010
Cn1ccc(CCNC(=O)Nc2ccc(C(=O)N(CCC(=O)O)CCC(=O)O)cc2)n1,O=C(Nc1ccc(C(=O)N(CC2CO2)CC2CO2)cc1)c1cccc(O)n1,799.8900,790.2050,780.3240,770.2730,760.1500,750.4000,740.1120,729.7300,719.7620,709.9850,699.8480,689.6510,679.3590,669.2240,660.3890,650.2290,639.3730,629.8580,619.8070,610.1620,600.7040,589.2080,579.1280,569.9930,559.9690,550.3330,539.6380,529.5460,519.5700,509.6720,499.3680,489.5210,479.4410,470.0160,459.9910,450.1590,439.5160,430.3240,419.2670,409.9020,400.4100,390.3570,380.0360,369.8940,360.2820,350.2100,339.8580,330.7030,319.9900,309.8070,300.1400,289.6580,279.9420,269.5640,259.8330,249.6130,239.8550,229.8400,220.0830,209.9680,200.2710,189.9900,180.2060,170.2540,160.1650,149.9090,140.0060,130.0760,119.9420,110.0440,100.0730,1.0465,1.0590,1.0612,1.0681,1.0713,1.0785,1.0871,1.0861,1.0956,1.0856,1.0896,1.0988,1.1006,1.1066,1.1129,1.1253,1.1229,1.1297,1.1428,1.1441,1.1530,1.1594,1.1581,1.1580,1.1691,1.1801,1.1732,1.1839,1.1813,1.1934,1.2005,1.2029,1.2128,1.2167,1.2107,1.2128,1.2223,1.2189,1.2260,1.2298,1.2362,1.2373,1.2385,1.2420,1.2434,1.2466,1.2504,1.2533,1.2525,1.2574,1.2582,1.2604,1.2611,1.2633,1.2657,1.2690,1.2708,1.2739,1.2741,1.2766,1.2776,1.2806,1.2821,1.2837,1.2866,1.2888,1.2896,1.2911,1.2933,1.2956,1.2969
Cn1ccc(CCNC(=O)Nc2ccc(C(=O)N(CCC(=O)O)CCC(=O)O)cc2)n1,O=C(Nc1ccc(C(=O)N(CC2CO2)CC2CO2)cc1)c1cccc(O)n1,801.2390,790.3290,780.0930,769.4900,758.8770,750.1310,740.2940,730.6840,720.7290,708.8540,700.0160,689.8940,679.7810,669.9430,660.4180,650.7190,640.4560,630.2000,619.5400,610.1950,599.7070,590.6330,579.2450,571.0410,559.8600,549.5290,539.7990,529.6460,520.1870,509.8790,499.8700,489.5840,480.6570,469.6130,460.2560,449.8410,439.7250,430.6610,419.9080,409.6810,400.5250,390.9240,379.8310,370.2050,360.0280,350.0170,340.5540,329.9450,319.9890,309.6550,300.0370,289.6610,280.2200,269.6670,259.8840,250.2770,239.8300,229.9100,219.9290,209.7410,199.9500,190.1360,179.8510,169.8160,160.1280,150.2190,139.9230,130.0850,120.1220,110.0670,99.9354,1.0451,1.0499,1.0442,1.0675,1.0744,1.0676,1.0749,1.0720,1.0849,1.0939,1.0979,1.0998,1.1081,1.1094,1.1131,1.1115,1.1261,1.1316,1.1432,1.1460,1.1418,1.1531,1.1496,1.1506,1.1482,1.1696,1.1782,1.1703,1.1778,1.1846,1.1876,1.1977,1.1994,1.2029,1.2026,1.2068,1.2079,1.2117,1.2148,1.2154,1.2190,1.2213,1.2249,1.2275,1.2331,1.2353,1.2358,1.2392,1.2421,1.2412,1.2437,1.2473,1.2478,1.2507,1.2530,1.2553,1.2554,1.2580,1.2580,1.2613,1.2634,1.2658,1.2670,1.2695,1.2715,1.2722,1.2749,1.2765,1.2792,1.2822,1.2830
CN(C)c1cccnc1C(=O)N(CCC(=O)O)CCC(=O)O,O=C(Cc1ccc(OCC2CO2)cc1)N1CCN(CCC2CO2)CC1,799.0810,789.6420,779.6350,768.9620,759.9860,749.4900,739.1160,729.7670,720.1630,709.6050,699.1660,689.3160,680.9470,669.9240,658.6900,649.1680,640.5210,629.9520,619.0340,610.5120,600.4650,589.4730,579.7910,570.1800,560.5050,550.7680,540.3130,530.3570,519.6990,510.3530,500.6170,490.2810,480.4660,470.0710,460.0700,450.7380,439.6800,429.9120,419.8660,409.8860,399.8850,389.5840,380.2420,370.0610,360.3500,350.3480,340.2830,330.0900,319.7430,310.0020,300.1130,290.3700,280.0760,269.9650,259.8430,250.0940,240.1360,229.7010,220.2480,210.0890,199.6850,190.0970,180.1580,169.6950,159.8750,150.0210,140.1190,129.9600,119.9250,110.1340,99.9171,0.9367,0.9443,0.9422,0.9593,0.9553,0.9695,0.9733,0.9735,0.9869,0.9861,0.9866,1.0056,0.9958,1.0064,1.0084,1.0209,1.0236,1.0297,1.0370,1.0373,1.0472,1.0530,1.0573,1.0577,1.0659,1.0632,1.0743,1.0832,1.0917,1.0942,1.0917,1.0975,1.1070,1.1083,1.1183,1.1204,1.1263,1.1231,1.1308,1.1338,1.1350,1.1380,1.1414,1.1455,1.1442,1.1460,1.1502,1.1593,1.1639,1.1652,1.1676,1.1691,1.1721,1.1752,1.1775,1.1784,1.1815,1.1862,1.1853,1.1883,1.1908,1.1924,1.1961,1.1976,1.1989,1.2012,1.2028,1.2055,1.2069,1.2090,1.2105
CN(C)c1cccnc1C(=O)N(CCC(=O)O)CCC(=O)O,O=C(Cc1ccc(OCC2CO2)cc1)N1CCN(CCC2CO2)CC1,799.2710,789.1850,779.4400,770.2680,759.1110,750.3120,740.5350,730.3450,719.0230,709.9490,700.2440,689.6470,678.6060,670.5620,661.5430,649.4670,639.0950,630.1240,620.7500,609.5960,599.8480,590.5540,580.0140,568.8520,559.9730,550.0990,540.3910,529.9120,519.6180,510.1020,500.6680,489.9530,480.2300,470.1020,460.1580,450.7550,439.8510,430.0100,420.0720,410.2790,399.8470,389.7510,380.0380,369.8140,359.5600,349.8950,340.3110,330.0960,320.1660,310.3980,299.7320,290.4070,279.6090,269.5460,260.0690,250.0700,239.9620,229.8390,219.9100,209.9180,200.0370,189.4620,180.0140,169.8380,160.1810,149.8090,140.0910,129.8930,120.1100,109.9160,99.9169,0.9331,0.9512,0.9474,0.9533,0.9562,0.9664,0.9804,0.9810,0.9837,0.9922,0.9901,0.9941,1.0006,1.0068,1.0193,1.0200,1.0220,1.0203,1.0405,1.0357,1.0490,1.0461,1.0545,1.0608,1.0658,1.0765,1.0780,1.0844,1.0920,1.0990,1.1004,1.1141,1.1188,1.1232,1.1210,1.1242,1.1349,1.1369,1.1360,1.1430,1.1453,1.1466,1.1519,1.1577,1.1589,1.1596,1.1629,1.1649,1.1675,1.1695,1.1692,1.1751,1.1778,1.1801,1.1810,1.1833,1.1846,1.1862,1.1902,1.1925,1.1941,1.1971,1.1984,1.2010,1.2029,1.2053,1.2070,1.2091,1.2110,1.2129,1.2156
CN(C)c1cccnc1C(=O)N(CCC(=O)O)CCC(=O)O,O=C(Cc1ccc(OCC2CO2)cc1)N1CCN(CCC2CO2)CC1,800.5630,789.0170,780.0870,769.6580,760.0680,750.9170,740.8640,729.9780,719.8830,709.2340,700.2590,690.2060,679.5580,670.3370,659.4930,650.2290,639.6560,630.2470,620.0960,610.7380,600.6910,590.0240,578.6230,570.2110,559.5620,550.0610,539.2180,529.1210,519.5890,510.1170,500.0660,489.7090,479.7360,470.3510,460.0860,450.3910,440.5160,430.0990,420.2080,410.4380,399.2920,390.1010,380.6330,370.1590,360.8260,350.5080,340.2070,329.8940,319.9210,309.7310,299.8410,289.9710,280.2830,269.8870,259.5420,250.1530,240.3170,230.1190,219.5580,209.9670,200.1190,189.8100,179.8470,170.1650,159.7250,150.1670,139.9470,129.9840,120.0790,109.9350,99.9290,0.9391,0.9412,0.9380,0.9654,0.9636,0.9737,0.9684,0.9752,0.9838,0.9894,0.9893,1.0030,0.9998,1.0079,1.0222,1.0218,1.0196,1.0295,1.0338,1.0361,1.0533,1.0574,1.0508,1.0740,1.0640,1.0720,1.0705,1.0747,1.0816,1.0881,1.0921,1.0923,1.1095,1.1181,1.1268,1.1276,1.1285,1.1378,1.1347,1.1452,1.1455,1.1487,1.1493,1.1555,1.1592,1.1656,1.1666,1.1701,1.1727,1.1776,1.1777,1.1793,1.1818,1.1839,1.1865,1.1890,1.1920,1.1926,1.1952,1.1965,1.1992,1.2021,1.2032,1.2063,1.2090,1.2112,1.2125,1.2149,1.2167,1.2181,1.2203
CN(C)c1cccnc1C(=O)N(CCC(=O)O)CCC(=O)O,O=C(Cc1ccc(OCC2CO2)cc1)N1CCN(CCC2CO2)CC1,801.1320,790.3940,779.5540,769.8710,760.5940,750.0190,739.7790,730.0990,719.3370,709.5370,699.6420,689.8010,680.1420,670.1780,661.4210,649.9860,640.3490,628.4020,619.5520,609.5800,600.1930,590.3550,579.9700,569.9600,560.4800,550.5050,539.1300,529.7290,519.4300,510.0550,499.3260,489.5220,480.2390,469.8120,460.2290,450.2810,439.7660,430.3150,419.8200,409.9340,399.9780,389.9330,380.0130,370.0320,360.3710,350.0660,339.5280,329.9900,319.9490,310.0270,300.1590,290.3640,279.8450,270.5410,259.9680,249.9660,239.8290,230.3680,219.9340,210.4110,199.9140,189.8560,179.9180,170.0510,160.0760,150.0570,140.0240,130.0590,119.9350,110.1130,100.1810,0.9466,0.9482,0.9529,0.9505,0.9615,0.9730,0.9786,0.9746,0.9767,0.9869,0.9945,0.9992,1.0085,1.0119,1.0196,1.0214,1.0266,1.0221,1.0304,1.0446,1.0350,1.0509,1.0645,1.0662,1.0647,1.0685,1.0711,1.0822,1.0904,1.0932,1.1019,1.1068,1.1073,1.1081,1.1144,1.1150,1.1232,1.1231,1.1274,1.1276,1.1231,1.1303,1.1398,1.1364,1.1406,1.1439,1.1441,1.1484,1.1552,1.1606,1.1619,1.1668,1.1709,1.1722,1.1752,1.1777,1.1797,1.1818,1.1836,1.1864,1.1885,1.1905,1.1921,1.1929,1.1949,1.1973,1.1999,1.2006,1.2028,1.2048,1.2073
CN(C)c1cccnc1C(=O)N(CCC(=O)O)CCC(=O)O,O=C(Cc1ccc(OCC2CO2)cc1)N1CCN(CCC2CO2)CC1,798.2590,789.5790,780.8680,770.1450,759.4410,750.5090,740.2270,730.3070,720.2090,710.1110,700.2740,690.0240,680.2810,670.0620,660.7650,649.6300,640.2710,629.8540,620.9680,609.9540,600.2980,590.2850,580.6900,570.2920,560.4480,550.4790,539.6210,529.2750,519.6140,510.3140,499.9780,490.4520,480.0230,469.5580,460.4410,450.0080,440.1930,429.8560,420.0680,410.4600,399.9380,389.9650,379.8530,369.8790,359.8270,350.0490,339.7500,330.3270,319.4110,310.4860,300.1830,289.9000,280.4460,269.7690,260.2780,249.6520,240.1610,229.9320,220.1950,209.9390,200.0890,190.0700,180.4130,169.8940,159.9350,150.0970,140.0880,129.8060,120.1690,110.2080,100.0520,0.9385,0.9463,0.9505,0.9605,0.9638,0.9595,0.9814,0.9784,0.9779,0.9837,0.9887,0.9950,1.0023,1.0122,1.0194,1.0331,1.0171,1.0239,1.0335,1.0428,1.0473,1.0575,1.0535,1.0573,1.0675,1.0788,1.0859,1.0875,1.0950,1.1031,1.1017,1.1044,1.1110,1.1162,1.1208,1.1263,1.1300,1.1337,1.1361,1.1389,1.1381,1.1367,1.1473,1.1478,1.1533,1.1548,1.1553,1.1577,1.1600,1.1611,1.1632,1.1670,1.1669,1.1689,1.1723,1.1747,1.1768,1.1778,1.1795,1.1825,1.1866,1.1874,1.1886,1.1921,1.1947,1.1964,1.1995,1.2022,1.2018,1.2045,1.2064
COc1ccccc1N(CCO)CC(=O)N(CCC(=O)O)CCC(=O)O,COc1cccc(CN(C)C(=O)c2ccc(C)c(OCC3CO3)c2OCC2CO2)c1,801.1380,788.6190,778.9960,769.7540,759.6550,750.6010,739.9230,730.2900,720.1430,711.3910,700.1410,690.9420,679.9650,670.8130,659.6420,651.2310,639.7650,630.5140,620.8940,610.8010,600.3050,589.7300,580.2690,570.7350,560.6970,550.1720,539.6440,530.4960,520.0310,510.2710,499.2450,490.3100,479.4340,470.0800,459.8650,449.7480,440.3850,429.7850,419.9090,409.5800,399.5240,389.9080,379.8420,369.8610,360.2420,350.3990,340.5990,330.5110,320.1780,310.2110,300.2290,290.4110,280.3790,270.3340,259.6980,249.8810,239.9040,229.9490,220.0360,209.8230,199.8620,189.9900,180.0330,170.0740,160.0980,150.0920,140.0820,130.0540,119.9480,110.0730,100.1570,0.9587,0.9644,0.9779,0.9852,0.9836,0.9866,0.9963,1.0063,1.0145,1.0132,1.0187,1.0246,1.0212,1.0251,1.0286,1.0423,1.0479,1.0481,1.0535,1.0620,1.0668,1.0657,1.0808,1.0869,1.0928,1.0897,1.0985,1.1044,1.1015,1.1094,1.1173,1.1179,1.1273,1.1268,1.1329,1.1349,1.1399,1.1421,1.1479,1.1505,1.1559,1.1681,1.1676,1.1690,1.1668,1.1727,1.1749,1.1780,1.1830,1.1841,1.1868,1.1901,1.1920,1.1991,1.1997,1.2018,1.2051,1.2079,1.2100,1.2135,1.2143,1.2166,1.2180,1.2209,1.2239,1.2248,1.2269,1.2298,1.2314,1.2333,1.2352
COc1ccccc1N(CCO)CC(=O)N(CCC(=O)O)CCC(=O)O,COc1cccc(CN(C)C(=O)c2ccc(C)c(OCC3CO3)c2OCC2CO2)c1,800.4400,790.3860,779.7970,770.0960,759.0290,750.2530,740.6330,729.3110,719.5860,710.3640,699.7070,689.7200,680.5240,669.4200,660.4170,649.6240,638.5440,629.8290,619.7920,610.0090,600.4510,589.5040,579.8500,571.3240,560.7390,550.3290,540.5270,529.9810,520.1150,509.4840,499.6280,490.4630,480.0350,469.1890,460.6760,449.9440,440.1500,430.0060,419.8540,410.5500,400.3530,389.6450,380.3040,370.3480,360.0920,349.8500,339.6590,330.6360,319.9250,309.5580,300.0050,290.7940,280.0290,269.8140,260.0370,250.0180,240.0120,229.9030,219.9810,209.9890,200.0190,189.9720,180.1960,169.8180,160.0550,149.8610,140.2680,130.0710,120.0770,109.9300,99.9808,0.9657,0.9642,0.9663,0.9764,0.9733,0.9763,1.0012,1.0075,0.9917,1.0001,1.0079,1.0225,1.0333,1.0282,1.0376,1.0434,1.0563,1.0535,1.0505,1.0703,1.0731,1.0683,1.0755,1.0775,1.0870,1.0991,1.1023,1.1016,1.1054,1.1061,1.1167,1.1157,1.1185,1.1302,1.1322,1.1372,1.1462,1.1478,1.1526,1.1607,1.1661,1.1692,1.1731,1.1746,1.1763,1.1810,1.1779,1.1784,1.1861,1.1906,1.1928,1.1960,1.1962,1.1980,1.2037,1.2055,1.2093,1.2137,1.2148,1.2182,1.2190,1.2216,1.2247,1.2271,1.2289,1.2319,1.2337,1.2363,1.2379,1.2401,1.2413
COc1ccccc1N(CCO)CC(=O)N(CCC(=O)O)CCC(=O)O,COc1cccc(CN(C)C(=O)c2ccc(C)c(OCC3CO3)c2OCC2CO2)c1,801.8850,788.5240,780.9190,769.2290,760.1660,750.2010,740.2360,730.1010,719.2490,709.6700,700.1640,691.4290,679.6580,670.8030,660.2270,649.9810,639.3770,630.2680,620.3210,610.4880,600.2080,590.1340,579.5520,570.8150,559.3040,550.1630,539.8260,529.7750,519.2560,510.7750,499.5030,489.4370,479.4950,469.5990,460.4720,450.2240,440.3000,429.4520,419.7820,409.8660,399.9840,390.4590,379.9460,370.3180,360.0940,349.5280,339.6010,329.7000,319.9180,310.0040,299.7190,290.1240,280.0030,270.1680,260.0510,249.6990,240.0930,229.9000,219.9790,210.0080,199.8810,189.7610,179.9970,169.9390,160.0400,150.3440,140.0840,129.9410,120.0160,110.1460,100.2480,0.9673,0.9689,0.9733,0.9800,0.9772,0.9784,0.9955,0.9983,1.0112,1.0129,1.0095,1.0144,1.0217,1.0320,1.0190,1.0361,1.0416,1.0617,1.0558,1.0557,1.0570,1.0680,1.0704,1.0862,1.0884,1.0863,1.1043,1.1025,1.1056,1.1142,1.1141,1.1197,1.1237,1.1245,1.1328,1.1322,1.1402,1.1443,1.1525,1.1565,1.1629,1.1708,1.1679,1.1723,1.1758,1.1784,1.1815,1.1858,1.1930,1.1952,1.1979,1.1974,1.2014,1.2029,1.2037,1.2066,1.2108,1.2147,1.2180,1.2201,1.2220,1.2246,1.2276,1.2306,1.2327,1.2357,1.2371,1.2385,1.2413,1.2429,1.2454
COc1ccccc1N(CCO)CC(=O)N(CCC(=O)O)CCC(=O)O,COc1cccc(CN(C)C(=O)c2ccc(C)c(OCC3CO3)c2OCC2CO2)c1,799.8980,792.1350,779.4090,770.0250,759.1640,749.5830,741.1300,729.8240,719.5880,710.1260,698.6810,690.6910,680.4540,669.3700,658.3910,651.0960,639.1870,630.3130,619.6100,610.3520,599.7670,590.0170,580.8810,569.8100,560.0970,549.7070,539.6690,530.0650,519.6670,510.0660,500.0970,489.6540,478.8900,470.2400,459.7800,450.3490,440.2670,429.9880,420.3490,409.3080,400.0760,390.1680,379.9500,370.1440,360.2960,349.6790,339.6590,330.5410,320.0020,310.0130,299.8870,289.8900,279.7710,270.5140,259.6960,250.1670,240.2010,230.0580,219.9430,209.9040,200.0980,189.7830,179.9320,169.8570,160.1530,149.9910,140.0450,130.0540,120.0410,109.9690,99.9506,0.9667,0.9658,0.9745,0.9808,0.9803,0.9906,0.9964,1.0114,1.0121,1.0215,1.0182,1.0128,1.0266,1.0268,1.0274,1.0331,1.0564,1.0475,1.0618,1.0662,1.0620,1.0785,1.0760,1.0829,1.0835,1.0947,1.1059,1.1052,1.1076,1.1064,1.1172,1.1180,1.1320,1.1354,1.1368,1.1409,1.1417,1.1449,1.1505,1.1531,1.1621,1.1673,1.1657,1.1704,1.1754,1.1789,1.1760,1.1853,1.1864,1.1906,1.1960,1.1992,1.2001,1.2019,1.2048,1.2068,1.2077,1.2113,1.2132,1.2144,1.2174,1.2212,1.2235,1.2252,1.2299,1.2301,1.2346,1.2351,1.2378,1.2401,1.2421
COc1ccccc1N(CCO)CC(=O)N(CCC(=O)O)CCC(=O)O,COc1cccc(CN(C)C(=O)c2ccc(C)c(OCC3CO3)c2OCC2CO2)c1,799.3030,789.5840,778.1520,771.0010,759.0480,751.0500,740.9950,731.0190,719.6340,709.6210,698.8920,690.8780,680.7790,670.3510,660.2140,650.9410,639.1990,630.5790,620.0430,609.8850,600.6630,590.1860,579.6770,570.8020,559.2240,549.7540,540.3320,529.9070,520.1770,509.6390,499.8340,489.8580,479.7790,469.7120,459.7930,449.9000,440.5640,430.2640,420.1080,410.4010,399.5080,390.8310,380.2710,369.8500,360.4870,349.5430,340.1980,329.7940,320.2610,309.7390,299.5340,289.9490,280.0920,270.2920,260.3990,250.2730,240.1800,230.0310,220.2340,209.8680,199.9410,190.3580,179.8950,169.8970,159.6950,150.0850,140.0360,130.0430,119.8960,109.9820,100.0260,0.9704,0.9745,0.9752,0.9794,0.9871,0.9971,0.9893,0.9947,0.9973,1.0071,1.0230,1.0202,1.0295,1.0295,1.0272,1.0455,1.0414,1.0489,1.0601,1.0622,1.0659,1.0813,1.0815,1.0796,1.0886,1.0967,1.1076,1.1024,1.1003,1.1085,1.1120,1.1124,1.1211,1.1247,1.1364,1.1367,1.1457,1.1498,1.1555,1.1579,1.1558,1.1583,1.1655,1.1643,1.1674,1.1730,1.1752,1.1807,1.1836,1.1843,1.1899,1.1899,1.1931,1.1945,1.1991,1.2062,1.2066,1.2095,1.2124,1.2146,1.2178,1.2200,1.2228,1.2245,1.2278,1.2310,1.2327,1.2351,1.2373,1.2388,1.2410
O=C(O)CCN1CCCN(C(=O)CC2(CC(=O)O)CCCCC2)CC1,Cc1cc(OCC2CO2)ccc1NC(=O)c1ccccc1OCC1CO1,800.2140,789.5670,780.9910,770.0490,759.3780,749.2840,740.2210,729.5470,720.1530,709.5260,701.1000,690.2420,679.7620,668.3880,661.6690,650.0650,639.6630,631.2560,620.2420,609.9120,599.9530,589.6120,580.5150,569.7120,560.4550,550.6460,540.1900,529.9090,520.9070,509.4200,500.4190,489.8560,480.8090,469.6830,459.7350,449.0560,440.6370,429.9460,419.9150,409.8250,400.2860,390.1900,379.8340,369.6580,359.4880,350.4380,339.8380,329.9030,320.1150,310.3860,300.3580,290.3750,279.9640,269.7400,260.2630,250.0860,239.8450,229.8200,219.8170,209.8540,200.0810,189.9830,180.1760,169.7340,159.8820,150.1590,139.9330,130.0300,120.1420,109.8960,99.9744,0.9588,0.9674,0.9603,0.9736,0.9794,0.9750,0.9757,0.9907,0.9953,0.9943,1.0150,1.0086,1.0164,1.0253,1.0156,1.0217,1.0402,1.0388,1.0441,1.0374,1.0445,1.0571,1.0599,1.0736,1.0801,1.0869,1.0916,1.0912,1.0930,1.0993,1.0981,1.1017,1.1031,1.1133,1.1143,1.1164,1.1183,1.1206,1.1265,1.1261,1.1241,1.1289,1.1342,1.1329,1.1358,1.1381,1.1442,1.1488,1.1496,1.1503,1.1522,1.1531,1.1564,1.1612,1.1631,1.1672,1.1693,1.1703,1.1721,1.1744,1.1776,1.1794,1.1810,1.1824,1.1848,1.1867,1.1886,1.1903,1.1928,1.1953,1.1971
O=C(O)CCN1CCCN(C(=O)CC2(CC(=O)O)CCCCC2)CC1,Cc1cc(OCC2CO2)ccc1NC(=O)c1ccccc1OCC1CO1,799.9610,790.2060,778.9830,770.3250,759.0220,750.9330,740.1720,729.9850,720.6080,709.6560,700.0580,690.4850,679.1760,670.0800,659.4850,650.1060,639.5570,630.2360,620.1490,610.5240,600.9120,589.6130,579.7090,569.7470,559.6360,549.6640,539.8380,529.9970,520.6530,510.6730,500.1040,490.2900,480.6910,470.3910,460.1400,450.3530,440.0270,430.9730,419.7070,409.4620,399.4620,390.8210,379.6920,370.5010,359.7960,349.9340,340.4300,330.0720,319.8540,310.0530,299.9560,290.0550,280.2790,270.2630,259.9290,249.6640,240.4490,229.7830,220.0280,209.7800,199.9800,190.1470,179.9380,169.9870,159.8360,150.0560,139.9680,129.9860,120.1410,110.0450,100.1110,0.9617,0.9514,0.9738,0.9711,0.9776,0.9794,0.9923,0.9851,0.9995,0.9981,1.0029,1.0090,1.0206,1.0200,1.0220,1.0252,1.0376,1.0370,1.0372,1.0450,1.0565,1.0563,1.0616,1.0704,1.0837,1.0798,1.0806,1.0871,1.0935,1.0906,1.0921,1.1056,1.1108,1.1106,1.1238,1.1217,1.1254,1.1274,1.1316,1.1361,1.1337,1.1358,1.1386,1.1435,1.1464,1.1475,1.1530,1.1544,1.1567,1.1580,1.1607,1.1620,1.1647,1.1648,1.1677,1.1693,1.1702,1.1724,1.1752,1.1754,1.1778,1.1790,1.1809,1.1818,1.1847,1.1866,1.1886,1.1910,1.1936,1.1954,1.1961
O=C(O)CCN1CCCN(C(=O)CC2(CC(=O)O)CCCCC2)CC1,Cc1cc(OCC2CO2)ccc1NC(=O)c1ccccc1OCC1CO1,801.7770,790.4690,780.6470,771.9710,759.8270,750.2810,739.7120,728.7160,720.5390,709.6740,699.5460,690.5660,679.9950,669.1320,658.5950,650.0260,639.9070,630.1920,620.0440,610.6590,599.6560,590.1570,579.8310,569.5750,560.6380,550.0870,539.5820,529.9070,520.0940,509.9310,500.1910,490.2820,479.5660,470.5300,460.3600,450.2540,439.9180,429.0880,419.7780,409.7450,399.6350,390.1190,379.9670,369.6950,359.9410,349.4290,340.2270,329.7930,320.0180,310.1710,300.1510,290.1550,279.9890,269.8500,259.7300,249.8110,240.3290,229.7900,220.1700,209.7920,200.0800,189.6770,180.1940,169.9980,159.9040,150.2950,140.0790,129.9820,120.1700,110.1100,100.1460,0.9399,0.9610,0.9673,0.9669,0.9638,0.9708,0.9824,0.9933,0.9902,1.0045,1.0092,1.0045,1.0185,1.0168,1.0256,1.0323,1.0391,1.0376,1.0383,1.0491,1.0496,1.0585,1.0517,1.0650,1.0715,1.0695,1.0824,1.0860,1.0936,1.0945,1.0928,1.1008,1.1016,1.1150,1.1139,1.1261,1.1263,1.1287,1.1409,1.1412,1.1422,1.1435,1.1494,1.1531,1.1548,1.1592,1.1604,1.1613,1.1626,1.1621,1.1697,1.1736,1.1743,1.1742,1.1777,1.1790,1.1808,1.1856,1.1873,1.1894,1.1914,1.1952,1.1985,1.2003,1.2017,1.2021,1.2043,1.2059,1.2080,1.2109,1.2124
O=C(O)CCN1CCCN(C(=O)CC2(CC(=O)O)CCCCC2)CC1,Cc1cc(OCC2CO2)ccc1NC(=O)c1ccccc1OCC1CO1,800.3650,790.4210,779.6480,770.3190,760.3740,750.7680,741.5200,730.4280,720.5720,710.4960,700.0390,690.2480,680.5900,670.1110,659.9190,649.8720,640.7710,629.0580,620.2470,610.2970,599.6270,589.7750,579.8800,570.0190,558.8940,549.4880,538.9400,529.8330,519.9390,509.8970,500.6280,490.1160,480.6220,470.4070,459.1850,449.9940,440.2210,430.2460,420.5260,409.8280,400.3030,390.2230,380.0600,370.4590,360.0610,349.7030,340.1620,330.1760,320.0700,309.5610,299.6040,290.2510,279.6660,269.9010,259.5240,249.9360,239.8070,229.9280,219.8980,210.2610,199.8680,190.1080,180.0610,169.8980,160.1720,149.9490,139.9550,129.9430,120.0050,109.9690,99.9747,0.9519,0.9547,0.9642,0.9617,0.9671,0.9722,0.9847,0.9923,1.0090,1.0092,0.9993,1.0154,1.0155,1.0323,1.0263,1.0203,1.0280,1.0381,1.0498,1.0545,1.0583,1.0635,1.0657,1.0735,1.0781,1.0939,1.0898,1.0862,1.0915,1.0988,1.1030,1.1011,1.1107,1.1154,1.1155,1.1229,1.1245,1.1213,1.1279,1.1341,1.1369,1.1367,1.1414,1.1431,1.1508,1.1557,1.1550,1.1580,1.1618,1.1624,1.1642,1.1657,1.1710,1.1739,1.1748,1.1765,1.1792,1.1831,1.1839,1.1834,1.1850,1.1879,1.1892,1.1920,1.1939,1.1958,1.1981,1.2004,1.2023,1.2024,1.2044
O=C(O)CCN1CCCN(C(=O)CC2(CC(=O)O)CCCCC2)CC1,Cc1cc(OCC2CO2)ccc1NC(=O)c1ccccc1OCC1CO1,800.7820,791.3820,780.9260,769.6670,760.0090,750.1280,738.2190,729.1790,720.1610,710.6130,700.4620,689.9200,680.6870,670.0240,659.8730,650.1460,639.1390,630.9160,619.6170,610.7330,599.6960,590.2880,580.3650,569.2140,560.1930,548.4410,539.8100,530.7650,519.9850,510.1210,500.2330,490.3480,480.2550,470.6060,460.1850,450.4610,440.3540,430.0850,419.9340,410.1510,400.1880,390.2070,379.6110,370.4930,359.8740,349.8660,340.3810,329.9390,320.1600,310.5190,300.0280,290.2300,279.7690,270.3250,259.6700,250.2500,239.9390,229.7950,220.0630,210.0070,200.0510,189.6530,179.7780,169.9910,160.1370,150.1110,140.0840,130.0780,119.9190,110.0390,99.9483,0.9501,0.9571,0.9652,0.9720,0.9784,0.9875,0.9788,0.9879,0.9949,1.0016,1.0038,1.0089,1.0139,1.0244,1.0298,1.0304,1.0284,1.0374,1.0390,1.0468,1.0571,1.0580,1.0706,1.0801,1.0824,1.0793,1.0867,1.0845,1.0916,1.1004,1.1033,1.1137,1.1127,1.1174,1.1229,1.1259,1.1280,1.1267,1.1284,1.1331,1.1379,1.1404,1.1390,1.1433,1.1454,1.1481,1.1521,1.1573,1.1535,1.1588,1.1612,1.1640,1.1678,1.1685,1.1726,1.1775,1.1796,1.1817,1.1823,1.1843,1.1861,1.1873,1.1897,1.1936,1.1947,1.1959,1.1990,1.2008,1.2026,1.2050,1.2063
Nc1c(C(=O)Nc2ccc(COCC(=O)O)c(COCC(=O)O)c2)cnn1Cc1ccccc1,Cc1ccc(C(=O)NCCC(=O)NCCCc2ccc(OCC3CO3)cc2)c(OCC2CO2)c1,800.1130,790.2500,779.9310,771.1200,759.7010,748.7650,739.3320,730.9160,720.6070,709.4040,700.0700,690.3600,680.0150,669.2490,659.6310,650.1820,640.1750,629.6550,619.2870,609.6230,600.6900,590.2170,580.4150,570.2680,559.5870,549.2210,539.9490,529.4240,519.3820,510.3260,500.1790,490.9060,480.3210,470.0340,460.3070,449.6860,438.8430,430.4220,419.7480,410.6290,399.6770,390.1560,380.0160,370.8800,359.7060,349.9840,340.4950,330.6060,320.6320,309.7220,300.0050,289.5670,280.2590,269.8500,260.1430,249.7150,239.8560,229.6940,219.5850,209.9030,199.9420,190.0480,179.8230,170.1790,159.8950,149.6820,140.0780,129.9650,119.8560,110.0160,99.9445,0.9739,0.9797,0.9862,0.9884,1.0063,1.0032,1.0018,1.0124,1.0148,1.0193,1.0354,1.0354,1.0399,1.0556,1.0509,1.0637,1.0523,1.0657,1.0773,1.0816,1.0870,1.0859,1.0920,1.0969,1.1087,1.1093,1.1170,1.1248,1.1225,1.1264,1.1371,1.1329,1.1364,1.1432,1.1499,1.1577,1.1618,1.1656,1.1690,1.1726,1.1765,1.1794,1.1873,1.1847,1.1915,1.1943,1.1983,1.1984,1.1997,1.2008,1.2024,1.2084,1.2105,1.2130,1.2166,1.2173,1.2212,1.2232,1.2259,1.2271,1.2287,1.2312,1.2326,1.2347,1.2367,1.2382,1.2409,1.2430,1.2451,1.2471,1.2491
Nc1c(C(=O)Nc2ccc(COCC(=O)O)c(COCC(=O)O)c2)cnn1Cc1ccccc1,Cc1ccc(C(=O)NCCC(=O)NCCCc2ccc(OCC3CO3)cc2)c(OCC2CO2)c1,800.0580,789.7390,780.4630,771.0330,760.7190,750.5260,741.5670,730.7380,720.0290,709.7350,699.1660,689.6210,680.5070,670.8040,659.5930,649.1640,640.1110,630.5700,620.0390,609.8850,599.7890,589.4670,580.9210,570.6090,559.8850,550.1120,539.3900,530.0770,520.2130,509.2660,499.7720,489.7330,479.6870,469.8590,459.4950,450.0850,440.4700,430.5410,420.0700,410.5930,399.4160,389.7700,381.0270,369.6340,360.1850,349.9510,339.7970,329.7480,320.0880,309.6380,299.4310,289.9640,279.8060,270.5570,259.8910,249.8620,240.0790,230.0110,220.2140,210.0370,200.2510,190.0170,180.0990,170.1420,160.0280,149.8120,139.9510,130.0590,120.1180,109.7800,99.9712,0.9822,0.9784,0.9915,0.9975,1.0086,1.0142,1.0080,1.0164,1.0193,1.0249,1.0360,1.0419,1.0438,1.0490,1.0529,1.0668,1.0749,1.0768,1.0822,1.0910,1.0962,1.0915,1.1015,1.1038,1.1144,1.1209,1.1322,1.1383,1.1367,1.1414,1.1480,1.1496,1.1480,1.1571,1.1543,1.1606,1.1699,1.1740,1.1825,1.1817,1.1860,1.1924,1.1954,1.1934,1.1941,1.1989,1.1995,1.2048,1.2077,1.2056,1.2104,1.2109,1.2124,1.2163,1.2188,1.2207,1.2221,1.2274,1.2286,1.2306,1.2323,1.2363,1.2368,1.2409,1.2435,1.2464,1.2482,1.2511,1.2524,1.2547,1.2564
Nc1c(C(=O)Nc2ccc(COCC(=O)O)c(COCC(=O)O)c2)cnn1Cc1ccccc1,Cc1ccc(C(=O)NCCC(=O)NCCCc2ccc(OCC3CO3)cc2)c(OCC2CO2)c1,799.9870,789.2830,779.5640,770.5250,760.3380,750.0920,740.2570,728.9280,719.0450,709.7660,700.7690,690.1040,679.1130,669.9440,659.5380,650.0280,639.5400,629.6600,620.8730,610.3960,601.0080,589.6120,581.0440,569.5900,560.3350,548.9850,540.9270,530.6940,519.3670,510.4990,500.0010,490.0350,479.7650,469.6030,459.1850,449.6060,440.3940,430.1090,420.2210,409.6550,399.4950,390.1710,380.3370,370.3600,359.8280,349.9000,339.8310,330.1750,320.4380,310.0600,299.9060,290.2180,279.5730,270.1480,260.1890,249.9530,240.0170,229.7440,220.0700,210.1920,199.9970,190.2870,179.8280,170.0220,160.0880,150.0780,140.0870,129.8430,119.8950,110.1100,99.8768,0.9822,0.9841,0.9950,0.9968,1.0042,1.0008,1.0137,1.0216,1.0256,1.0304,1.0311,1.0345,1.0353,1.0479,1.0585,1.0614,1.0565,1.0601,1.0729,1.0765,1.0869,1.0979,1.0949,1.1040,1.1089,1.1074,1.1123,1.1202,1.1286,1.1332,1.1302,1.1397,1.1519,1.1504,1.1580,1.1572,1.1613,1.1674,1.1758,1.1751,1.1813,1.1836,1.1896,1.1913,1.1968,1.1963,1.2020,1.2055,1.2106,1.2142,1.2162,1.2184,1.2176,1.2225,1.2272,1.2282,1.2318,1.2344,1.2363,1.2396,1.2408,1.2423,1.2444,1.2474,1.2502,1.2526,1.2546,1.2569,1.2597,1.2610,1.2640
Nc1c(C(=O)Nc2ccc(COCC(=O)O)c(COCC(=O)O)c2)cnn1Cc1ccccc1,Cc1ccc(C(=O)NCCC(=O)NCCCc2ccc(OCC3CO3)cc2)c(OCC2CO2)c1,800.6970,790.7730,779.0310,771.1460,760.8900,749.7320,738.9540,729.5370,719.0510,710.9990,700.7000,690.7760,681.1390,670.6490,660.1910,649.7280,639.6340,629.2750,620.6080,609.8780,599.2890,590.2330,579.9340,571.1620,559.9520,550.1180,540.5970,529.2930,520.2660,509.9050,499.9300,490.2820,480.4360,469.9680,460.0790,450.0830,439.7330,429.7420,419.8520,409.9740,400.3540,389.8310,379.6050,370.3650,360.7220,350.3790,340.0920,329.5100,320.1510,309.8760,300.0790,290.2610,279.5190,270.0440,259.9020,249.7570,240.0910,229.8000,219.8320,209.9690,199.9740,190.1240,180.2470,170.0160,159.9430,150.1990,139.7510,129.9620,119.9480,110.0520,99.9702,0.9792,0.9899,0.9910,1.0022,0.9998,1.0161,1.0117,1.0195,1.0128,1.0215,1.0278,1.0380,1.0391,1.0537,1.0453,1.0688,1.0636,1.0642,1.0706,1.0809,1.0876,1.0962,1.0908,1.0962,1.0985,1.1004,1.1170,1.1180,1.1259,1.1266,1.1365,1.1445,1.1487,1.1504,1.1539,1.1641,1.1697,1.1703,1.1753,1.1843,1.1850,1.1881,1.1961,1.1956,1.1933,1.1994,1.2032,1.2064,1.2121,1.2153,1.2181,1.2175,1.2196,1.2227,1.2249,1.2287,1.2325,1.2349,1.2350,1.2373,1.2396,1.2419,1.2430,1.2458,1.2484,1.2494,1.2509,1.2539,1.2551,1.2569,1.2593
Nc1c(C(=O)Nc2ccc(COCC(=O)O)c(COCC(=O)O)c2)cnn1Cc1ccccc1,Cc1ccc(C(=O)NCCC(=O)NCCCc2ccc(OCC3CO3)cc2)c(OCC2CO2)c1,798.7030,790.6890,780.5080,770.1700,760.5250,750.1580,740.2310,729.8820,720.5280,710.0130,700.6800,690.5480,679.9320,669.9870,660.8770,651.4260,639.4640,629.7860,620.2850,609.3020,600.2290,589.9900,580.4350,569.9210,559.4700,550.4630,540.5480,530.4930,519.4260,510.4150,499.8650,489.9610,479.7840,470.2840,460.3040,449.9350,439.8780,429.8180,420.1770,410.5150,400.1490,389.8200,379.9730,371.1280,360.3630,350.1810,339.9540,330.5020,319.9310,309.8460,299.9950,289.9400,280.1240,270.4300,259.5880,250.4550,239.6740,230.2120,220.1290,209.7510,200.2260,190.1930,179.8890,170.3370,159.7030,150.1140,139.8080,129.9280,119.8510,109.9860,99.9923,0.9717,0.9807,0.9843,0.9895,0.9902,1.0102,1.0118,1.0134,1.0227,1.0332,1.0280,1.0336,1.0480,1.0391,1.0579,1.0545,1.0604,1.0741,1.0749,1.0840,1.0897,1.0836,1.0910,1.1050,1.1016,1.1057,1.1149,1.1180,1.1316,1.1408,1.1382,1.1432,1.1420,1.1427,1.1503,1.1605,1.1678,1.1625,1.1733,1.1752,1.1752,1.1823,1.1854,1.1859,1.1893,1.1941,1.1968,1.2047,1.2072,1.2102,1.2135,1.2149,1.2199,1.2221,1.2217,1.2236,1.2284,1.2298,1.2319,1.2349,1.2387,1.2418,1.2443,1.2460,1.2469,1.2508,1.2531,1.2541,1.2557,1.2575,1.2599
Cc1cc(CNC(=O)C(CCC(=O)O)CCC(=O)O)on1,C(CCN1CCN(CCCCC2CO2)CC1)CC1CO1,801.8720,788.2960,778.7870,770.0940,758.6400,748.9980,738.9680,730.0440,720.6770,709.5700,699.4560,689.6480,680.2960,670.0060,659.7480,650.6360,640.2130,629.7280,620.1440,610.3360,600.3590,589.6920,579.7730,569.6980,559.7560,548.9680,540.4400,530.7050,519.8870,510.0940,500.1860,490.6230,479.8830,468.9630,460.4520,450.4640,440.0920,429.6610,420.0760,409.0770,399.6200,389.9450,379.9510,370.3170,359.7640,349.6690,340.4160,330.4020,319.9250,309.9770,299.6560,289.8330,280.1680,270.1320,260.2930,249.8860,240.1510,229.4720,219.6230,210.3290,200.2040,190.0130,180.2270,170.1500,160.1500,150.2920,140.0150,129.9470,119.7650,109.9750,99.8577,0.8452,0.8495,0.8619,0.8584,0.8607,0.8738,0.8730,0.8878,0.8923,0.8948,0.8910,0.8980,0.9172,0.9161,0.9199,0.9299,0.9293,0.9412,0.9493,0.9486,0.9543,0.9616,0.9576,0.9678,0.9759,0.9799,0.9852,0.9941,0.9935,1.0012,1.0062,1.0125,1.0167,1.0249,1.0252,1.0427,1.0304,1.0375,1.0407,1.0464,1.0493,1.0561,1.0582,1.0654,1.0653,1.0697,1.0738,1.0711,1.0813,1.0860,1.0886,1.0950,1.0963,1.0986,1.1015,1.1041,1.1084,1.1119,1.1152,1.1158,1.1178,1.1195,1.1233,1.1247,1.1264,1.1291,1.1316,1.1336,1.1365,1.1380,1.1412
Cc1cc(CNC(=O)C(CCC(=O)O)CCC(=O)O)on1,C(CCN1CCN(CCCCC2CO2)CC1)CC1CO1,800.6220,790.1500,779.5290,769.5610,759.8730,749.4010,740.2470,731.0490,719.3990,711.4910,699.7170,690.7710,679.4620,671.5830,660.0030,650.2610,640.1300,630.0660,619.4890,609.7550,599.5840,589.5360,580.0990,569.3560,559.9170,549.6600,540.4860,530.7260,521.0090,510.0630,499.2620,490.4030,479.6980,469.8840,459.7930,449.3830,439.3660,429.6990,420.7900,409.8190,400.5090,390.4790,380.0780,370.1140,359.6640,350.1860,339.9990,329.9100,319.9190,310.0290,299.7120,289.9150,280.4900,269.8590,259.5560,250.2160,240.3200,229.8510,219.8590,209.8150,199.9730,189.8300,180.0810,169.8930,159.8910,149.8480,139.8990,130.1150,120.1230,109.8570,100.1130,0.8412,0.8458,0.8553,0.8536,0.8735,0.8778,0.8749,0.8824,0.8773,0.8853,0.8951,0.9017,0.9050,0.9162,0.9187,0.9351,0.9319,0.9336,0.9491,0.9452,0.9652,0.9541,0.9579,0.9602,0.9794,0.9814,0.9854,0.9953,0.9994,1.0086,1.0026,1.0085,1.0132,1.0176,1.0284,1.0348,1.0337,1.0470,1.0534,1.0515,1.0563,1.0697,1.0747,1.0770,1.0812,1.0856,1.0848,1.0893,1.0913,1.0943,1.0944,1.1005,1.1027,1.1099,1.1154,1.1160,1.1218,1.1228,1.1244,1.1259,1.1273,1.1314,1.1332,1.1359,1.1383,1.1408,1.1443,1.1454,1.1474,1.1496,1.1523
Cc1cc(CNC(=O)C(CCC(=O)O)CCC(=O)O)on1,C(CCN1CCN(CCCCC2CO2)CC1)CC1CO1,799.8910,788.9810,780.4730,770.5600,758.9730,750.3720,740.2670,730.4990,718.4350,709.0850,698.6790,689.9810,679.3260,670.9320,659.2640,649.3490,640.3460,630.0030,619.8920,611.1150,600.8590,590.1880,580.4160,570.3260,559.8070,550.2520,539.7250,530.0470,519.7400,510.0270,500.1670,490.5360,479.3820,469.3470,460.1900,449.9910,440.2430,429.9580,419.6850,410.0750,399.2970,389.6800,379.5830,369.6710,360.2710,349.7050,340.0130,329.7720,320.4400,310.1590,299.6260,290.3940,279.7490,270.4210,259.8990,249.5630,240.0040,230.1840,219.9120,210.0800,199.8330,189.9430,180.4810,169.9140,160.0360,149.8270,139.9590,129.9600,120.0170,110.0470,100.0650,0.8508,0.8429,0.8489,0.8502,0.8744,0.8584,0.8683,0.8901,0.8875,0.8944,0.8984,0.8992,0.9001,0.9162,0.9143,0.9232,0.9231,0.9358,0.9401,0.9468,0.9616,0.9602,0.9658,0.9597,0.9827,0.9786,0.9831,0.9954,0.9902,0.9982,1.0036,1.0149,1.0213,1.0151,1.0232,1.0306,1.0410,1.0430,1.0546,1.0615,1.0661,1.0722,1.0757,1.0745,1.0800,1.0867,1.0914,1.0962,1.0939,1.1000,1.1012,1.1039,1.1046,1.1100,1.1143,1.1167,1.1203,1.1189,1.1239,1.1293,1.1323,1.1334,1.1343,1.1379,1.1408,1.1434,1.1453,1.1467,1.1496,1.1516,1.1541
Cc1cc(CNC(=O)C(CCC(=O)O)CCC(=O)O)on1,C(CCN1CCN(CCCCC2CO2)CC1)CC1CO1,799.5560,790.5200,780.6820,769.2300,759.7470,751.2400,740.1010,730.3930,718.8530,709.5280,700.7300,690.1830,679.7250,669.5500,659.4960,650.7010,639.9160,630.5400,619.6250,609.7660,600.4130,590.4700,579.4510,569.3330,559.4090,549.8620,540.8640,530.6380,519.6590,509.8230,500.5680,490.1630,480.1350,469.7290,460.0070,450.5540,440.3430,429.9270,419.6660,410.0380,399.7900,389.4540,380.2460,369.8740,360.1100,350.2340,339.8280,330.3530,319.5150,310.4730,299.7640,289.8000,280.0160,269.6490,259.8980,249.7280,239.8550,229.8020,219.6370,210.1250,199.9560,190.0640,179.7740,169.8680,159.9800,149.9890,140.1540,129.8670,120.0120,110.1420,100.0500,0.8490,0.8451,0.8561,0.8562,0.8618,0.8699,0.8787,0.8804,0.8847,0.8937,0.8935,0.8967,0.9046,0.9163,0.9157,0.9232,0.9364,0.9319,0.9410,0.9458,0.9664,0.9571,0.9680,0.9752,0.9723,0.9778,0.9770,0.9879,0.9904,0.9996,1.0080,1.0203,1.0160,1.0224,1.0294,1.0402,1.0435,1.0453,1.0496,1.0574,1.0627,1.0646,1.0683,1.0716,1.0789,1.0801,1.0838,1.0883,1.0896,1.0943,1.1011,1.1051,1.1063,1.1113,1.1122,1.1148,1.1152,1.1215,1.1218,1.1245,1.1263,1.1292,1.1306,1.1334,1.1356,1.1388,1.1408,1.1421,1.1440,1.1460,1.1466
Cc1cc(CNC(=O)C(CCC(=O)O)CCC(=O)O)on1,C(CCN1CCN(CCCCC2CO2)CC1)CC1CO1,799.5160,790.0910,780.8730,770.4140,759.9730,750.1420,740.0440,730.0440,720.0360,709.9570,699.8090,690.1710,680.4120,670.9150,660.4240,651.2240,638.9680,629.4020,620.4860,608.8270,600.2850,590.4190,579.6170,570.5680,560.0260,549.6250,540.3030,529.5360,519.6980,510.2700,500.4350,489.9590,480.2610,469.6030,460.3310,449.4690,439.9260,429.9110,419.6900,410.2040,400.0430,390.0760,379.8710,369.8770,360.3200,349.9790,339.6570,329.6670,319.6170,310.5410,300.1780,290.0860,280.3450,270.0260,260.3740,249.7210,240.3950,230.2730,220.2480,209.9800,199.9770,189.9210,180.0980,170.0410,160.1080,149.8910,139.9240,129.9750,119.9350,109.8260,100.1870,0.8384,0.8467,0.8595,0.8567,0.8672,0.8541,0.8779,0.8756,0.8789,0.8904,0.8996,0.9030,0.9028,0.9103,0.9225,0.9283,0.9247,0.9248,0.9360,0.9415,0.9563,0.9613,0.9727,0.9710,0.9751,0.9752,0.9822,0.9960,0.9963,1.0063,1.0079,1.0200,1.0234,1.0328,1.0292,1.0274,1.0364,1.0400,1.0450,1.0486,1.0584,1.0649,1.0758,1.0784,1.0763,1.0807,1.0826,1.0926,1.0946,1.0989,1.1015,1.1044,1.1053,1.1076,1.1122,1.1147,1.1186,1.1216,1.1229,1.1271,1.1276,1.1310,1.1325,1.1363,1.1371,1.1402,1.1423,1.1445,1.1468,1.1487,1.1513
CC(Cc1ccc(NC(=O)NC2CCC(C(=O)O)CC2)cc1)C(=O)O,CCCN(CCOCC1CO1)Cc1ccc(COCC2CO2)cc1,799.1680,788.7420,780.6600,769.7970,759.6870,749.0820,740.2110,729.8060,719.5750,710.5810,700.1260,690.5880,679.1730,670.2800,659.1270,650.1090,640.3880,629.9180,619.3600,608.9760,600.1920,589.5090,580.0220,569.0630,559.8970,549.5960,540.0310,530.2600,520.6480,510.1670,500.0330,489.7130,480.8910,470.6100,460.3780,450.6290,439.6800,430.0010,420.2140,409.2810,399.4560,389.9320,380.2700,369.7400,359.7020,350.2440,339.9020,329.8440,319.4230,309.7650,299.7200,290.3550,279.9300,270.1090,259.9400,250.1660,239.8110,230.1930,220.1850,210.2690,199.8530,190.1550,179.9640,169.8550,159.8810,150.0930,139.9080,130.0650,120.0710,110.1460,99.9721,0.8748,0.8669,0.8851,0.8970,0.8973,0.9008,0.9055,0.9116,0.9150,0.9189,0.9267,0.9405,0.9361,0.9423,0.9487,0.9514,0.9659,0.9664,0.9689,0.9804,0.9820,0.9882,0.9886,0.9968,1.0098,1.0245,1.0218,1.0243,1.0280,1.0315,1.0340,1.0321,1.0421,1.0482,1.0569,1.0616,1.0601,1.0663,1.0716,1.0765,1.0780,1.0825,1.0886,1.0928,1.0972,1.0994,1.0981,1.0997,1.1051,1.1051,1.1084,1.1135,1.1167,1.1176,1.1226,1.1234,1.1244,1.1285,1.1303,1.1328,1.1360,1.1369,1.1391,1.1417,1.1437,1.1452,1.1477,1.1498,1.1518,1.1535,1.1548
CC(Cc1ccc(NC(=O)NC2CCC(C(=O)O)CC2)cc1)C(=O)O,CCCN(CCOCC1CO1)Cc1ccc(COCC2CO2)cc1,800.0710,789.9490,779.1500,769.2250,760.2020,750.3180,740.5800,730.4790,720.3110,710.3730,699.7880,690.1500,679.8060,670.8800,659.7930,651.0020,640.0290,629.3870,620.0330,610.5760,598.9320,589.8420,579.3710,570.6450,559.9480,549.8010,539.3960,529.1890,520.2110,510.5750,500.0320,490.3790,480.1000,470.3360,459.3380,451.1730,439.7820,429.7770,420.3960,409.7950,400.3260,390.1010,379.9400,369.9600,359.9930,349.9210,339.4340,330.0160,320.2580,309.5880,300.4540,290.2640,280.2280,270.0870,259.9710,249.6400,239.9070,229.5630,220.2590,210.2080,200.1270,189.8980,180.2640,169.7250,160.0320,150.2380,139.9650,129.8500,120.1870,109.9430,100.0600,0.8846,0.8803,0.8948,0.8854,0.9025,0.9024,0.9041,0.9165,0.9154,0.9140,0.9272,0.9360,0.9437,0.9470,0.9592,0.9486,0.9634,0.9700,0.9734,0.9639,0.9747,0.9802,0.9819,0.9930,1.0036,1.0074,1.0187,1.0221,1.0244,1.0344,1.0352,1.0341,1.0454,1.0497,1.0470,1.0516,1.0665,1.0678,1.0745,1.0799,1.0837,1.0812,1.0866,1.0894,1.0886,1.0951,1.1009,1.1058,1.1093,1.1089,1.1148,1.1162,1.1216,1.1217,1.1241,1.1268,1.1307,1.1324,1.1348,1.1355,1.1388,1.1410,1.1425,1.1448,1.1481,1.1519,1.1542,1.1553,1.1578,1.1600,1.1630
CC(Cc1ccc(NC(=O)NC2CCC(C(=O)O)CC2)cc1)C(=O)O,CCCN(CCOCC1CO1)Cc1ccc(COCC2CO2)cc1,798.9260,787.3980,779.5520,769.4500,759.2620,750.4910,739.0850,730.5670,720.3910,710.2420,700.1160,689.6190,679.6610,670.2160,660.5150,650.4500,639.0190,630.1300,619.7290,610.2160,600.4360,589.7890,580.1920,570.7360,560.5810,548.8650,539.8710,529.7330,519.5220,510.5390,500.1350,490.3710,480.3830,469.3120,460.6450,450.1890,440.4990,429.9280,420.1220,409.8700,400.2070,390.5430,379.6460,370.0960,360.1800,350.1420,340.3420,330.1990,319.5950,309.8400,300.2130,289.9200,280.0690,269.9750,259.7570,250.0140,240.2650,230.0360,220.2950,210.0920,199.7740,190.3880,179.8920,169.9200,160.1400,149.9590,140.0880,130.2100,119.7180,109.7780,99.9838,0.8685,0.8967,0.8802,0.8829,0.8986,0.9114,0.9019,0.9105,0.9115,0.9244,0.9284,0.9254,0.9505,0.9402,0.9545,0.9540,0.9556,0.9567,0.9640,0.9729,0.9785,0.9795,0.9883,1.0105,1.0137,1.0118,1.0029,1.0188,1.0152,1.0266,1.0303,1.0395,1.0363,1.0446,1.0485,1.0546,1.0552,1.0671,1.0700,1.0672,1.0799,1.0890,1.0849,1.0917,1.0939,1.0961,1.1021,1.1063,1.1048,1.1096,1.1130,1.1173,1.1198,1.1244,1.1256,1.1307,1.1315,1.1346,1.1374,1.1390,1.1426,1.1437,1.1467,1.1459,1.1494,1.1513,1.1532,1.1542,1.1584,1.1608,1.1625
CC(Cc1ccc(NC(=O)NC2CCC(C(=O)O)CC2)cc1)C(=O)O,CCCN(CCOCC1CO1)Cc1ccc(COCC2CO2)cc1,799.8850,790.6820,780.2380,769.4210,759.7150,749.0260,740.0150,730.4520,720.4770,710.6570,700.3170,690.7670,679.3050,669.5040,660.7670,649.3980,639.8500,629.9730,620.9320,610.0650,599.7150,589.5590,579.9790,569.9520,559.5470,550.0190,539.9170,529.6080,520.3630,511.0690,499.9350,489.8090,479.9760,470.7730,459.7850,450.4550,440.0310,429.9320,420.2310,409.6220,399.9910,389.6420,379.6220,369.9630,359.7260,349.9010,339.9080,329.5430,319.6580,309.9830,299.7370,290.1720,279.2850,269.7890,259.8840,250.0930,240.3560,229.6330,219.5110,210.4520,200.0980,190.0230,179.9850,170.0720,159.9350,150.1330,140.0920,130.0540,120.0200,110.0300,99.9450,0.8711,0.8821,0.8907,0.8994,0.8918,0.9022,0.9105,0.9070,0.9091,0.9261,0.9216,0.9398,0.9397,0.9524,0.9477,0.9532,0.9515,0.9704,0.9748,0.9747,0.9864,0.9831,0.9909,0.9982,1.0044,1.0117,1.0100,1.0153,1.0272,1.0307,1.0387,1.0464,1.0474,1.0537,1.0579,1.0624,1.0685,1.0719,1.0727,1.0817,1.0840,1.0865,1.0906,1.0937,1.0920,1.1023,1.1013,1.1061,1.1079,1.1117,1.1114,1.1159,1.1210,1.1192,1.1228,1.1238,1.1299,1.1311,1.1317,1.1338,1.1344,1.1371,1.1398,1.1427,1.1455,1.1478,1.1498,1.1532,1.1542,1.1564,1.1581
CC(Cc1ccc(NC(=O)NC2CCC(C(=O)O)CC2)cc1)C(=O)O,CCCN(CCOCC1CO1)Cc1ccc(COCC2CO2)cc1,800.3330,789.3920,780.4090,769.8460,759.9810,750.1880,740.1530,730.0600,720.2080,709.1050,699.4090,690.5050,680.0430,670.4840,660.3140,650.4700,638.9300,630.1630,619.1940,609.1170,600.6470,590.4250,580.1910,570.0700,559.8560,550.1730,540.1000,530.0570,520.5890,509.7830,500.2600,490.5850,480.5570,469.9420,459.8240,450.0830,440.3520,430.7640,419.7300,410.1840,399.3850,389.9100,379.9580,369.6910,360.2080,350.5190,339.7620,329.5230,319.7300,310.3830,300.0140,289.8030,280.0010,270.1120,259.8770,249.9150,239.9380,229.9080,220.2670,209.9840,200.2070,189.6850,179.9510,170.1520,160.0290,149.8610,139.9480,130.1760,119.9000,110.1530,100.0570,0.8585,0.8750,0.8887,0.8884,0.8909,0.8996,0.9136,0.9154,0.9210,0.9215,0.9330,0.9365,0.9368,0.9432,0.9517,0.9561,0.9539,0.9758,0.9702,0.9800,0.9760,0.9913,0.9971,1.0024,1.0102,1.0169,1.0211,1.0181,1.0301,1.0323,1.0391,1.0359,1.0521,1.0537,1.0566,1.0633,1.0634,1.0680,1.0740,1.0791,1.0805,1.0846,1.0886,1.0942,1.0985,1.1056,1.1045,1.1029,1.1086,1.1085,1.1110,1.1163,1.1173,1.1225,1.1248,1.1245,1.1294,1.1300,1.1328,1.1358,1.1385,1.1437,1.1457,1.1475,1.1480,1.1510,1.1534,1.1562,1.1576,1.1589,1.1612
